filename,label
7013_17351.png,clipper
7013_17376.png,clipper
7013_17401.png,clipper
7013_17426.png,clipper
7013_17451.png,clipper
7013_17476.png,clipper
7013_17501.png,clipper
7013_17526.png,clipper
7013_17551.png,clipper
7013_17576.png,clipper
7013_17601.png,clipper
7013_17626.png,clipper
7013_17651.png,clipper
7013_17676.png,clipper
7013_17701.png,clipper
7013_17976.png,scissor
7013_18001.png,clipper
7013_18026.png,clipper
7013_18051.png,clipper
7013_18076.png,clipper
7013_18276.png,clipper
7013_18301.png,clipper
7013_18351.png,clipper
7013_19076.png,clipper
7013_19101.png,clipper
7013_19401.png,clipper
7013_19426.png,clipper
7013_20926.png,clipper
7013_20951.png,clipper
7013_20976.png,grasper
7013_21001.png,clipper
7013_21026.png,clipper
7013_21051.png,hook
7201_37176.png,clipper
7201_37226.png,clipper
7201_37276.png,scissor
7201_37301.png,clipper
7201_37326.png,clipper
7201_37451.png,clipper
7201_37476.png,grasper
7201_37501.png,clipper
7201_38426.png,clipper
7201_38476.png,clipper
7301_27001.png,clipper
7301_27026.png,clipper
7301_27051.png,clipper
7301_27076.png,clipper
7301_27101.png,clipper
7301_27476.png,clipper
7301_27576.png,clipper
7301_27626.png,clipper
7414_106651.png,clipper
7414_106701.png,clipper
7414_14776.png,clipper
7414_14801.png,clipper
7414_14826.png,clipper
7414_15401.png,clipper
7414_15426.png,clipper
7414_15451.png,clipper
7414_15476.png,clipper
7414_15501.png,clipper
7414_15576.png,clipper
7414_15601.png,clipper
7414_15651.png,grasper
7414_15776.png,clipper
7414_15851.png,clipper
7414_15876.png,clipper
7414_15901.png,clipper
7414_15926.png,clipper
7414_16001.png,clipper
7414_16026.png,clipper
7414_16051.png,grasper
7414_16076.png,clipper
7414_16101.png,clipper
7414_16176.png,clipper
7414_16201.png,clipper
7414_16226.png,clipper
7414_16251.png,clipper
7414_17001.png,clipper
7414_17026.png,clipper
7414_17051.png,clipper
7414_17076.png,clipper
7414_17101.png,clipper
7414_17126.png,clipper
7414_17151.png,clipper
7414_89951.png,clipper
7414_89976.png,clipper
7414_90001.png,clipper
7414_90476.png,clipper
7414_90501.png,clipper
7414_90526.png,clipper
7414_90551.png,clipper
7414_90676.png,clipper
7414_90701.png,clipper
7414_90726.png,hook
7414_90751.png,clipper
7414_90801.png,clipper
7414_90826.png,clipper
7654_51776.png,clipper
7654_51801.png,clipper
7654_51826.png,clipper
7654_51851.png,clipper
7654_51876.png,clipper
7654_51901.png,clipper
7654_51926.png,clipper
7654_51951.png,clipper
7654_51976.png,clipper
7654_52001.png,clipper
7654_52101.png,clipper
7654_52226.png,clipper
7654_52276.png,clipper
7654_52301.png,clipper
7654_52326.png,clipper
7654_52351.png,clipper
7654_52426.png,clipper
7654_52451.png,clipper
7654_52476.png,clipper
7654_52576.png,clipper
7654_52651.png,clipper
7654_52676.png,clipper
7654_52701.png,clipper
7654_52726.png,clipper
7654_52801.png,clipper
7654_55351.png,clipper
7654_56176.png,clipper
7654_56326.png,clipper
7654_56351.png,clipper
7654_56376.png,clipper
7654_56401.png,clipper
7654_56451.png,grasper
7654_56626.png,clipper
7654_56651.png,clipper
7654_57401.png,hook
7654_57501.png,clipper
7654_57551.png,clipper
7654_57576.png,clipper
7654_57876.png,clipper
7695_15401.png,clipper
7697_10001.png,clipper
7697_10051.png,clipper
7697_9451.png,hook
7697_9476.png,clipper
7697_9501.png,clipper
7697_9526.png,clipper
7697_9601.png,grasper
8610_32751.png,clipper
8610_32801.png,clipper
8610_32826.png,clipper
8610_33851.png,clipper
8610_33876.png,clipper
8610_33901.png,clipper
8610_40426.png,clipper
8610_41026.png,clipper
8610_41101.png,clipper
8610_41301.png,clipper
8610_41776.png,clipper
8610_41801.png,clipper
8611_84551.png,clipper
8611_84576.png,clipper
8611_84951.png,clipper
8611_84976.png,clipper
8611_89626.png,clipper
8611_89651.png,clipper
8611_89701.png,clipper
8611_89726.png,clipper
8611_89751.png,clipper
9152_28701.png,clipper
9152_28751.png,clipper
9152_28776.png,clipper
9152_28801.png,clipper
9152_28851.png,clipper
9152_28876.png,scissor
9152_28926.png,clipper
9152_29001.png,clipper
9152_29026.png,clipper
9152_29051.png,clipper
9152_29076.png,clipper
9152_29101.png,clipper
9152_29126.png,clipper
9152_29151.png,clipper
9152_29176.png,clipper
9152_29201.png,clipper
9152_29226.png,hook
9152_29251.png,clipper
9152_29276.png,clipper
9152_29301.png,grasper
9152_29351.png,hook
9152_29376.png,clipper
9152_29401.png,clipper
9152_29426.png,clipper
9152_29451.png,clipper
9152_29476.png,clipper
9152_29501.png,clipper
9152_29526.png,clipper
9152_29551.png,clipper
9152_29576.png,clipper
9152_29601.png,clipper
9152_34351.png,clipper
9152_34376.png,clipper
9152_34401.png,clipper
9152_36126.png,clipper
9152_36151.png,hook
9152_36176.png,clipper
9152_36201.png,clipper
9152_36251.png,clipper
9152_36276.png,clipper
9152_36326.png,clipper
9152_36351.png,clipper
9152_36376.png,clipper
9152_36401.png,clipper
9152_36426.png,clipper
9152_36451.png,clipper
9152_36476.png,clipper
7013_10026.png,grasper
7013_10051.png,grasper
7013_10151.png,grasper
7013_10901.png,grasper
7013_11026.png,grasper
7013_11076.png,grasper
7013_11201.png,grasper
7013_11251.png,grasper
7013_11276.png,grasper
7013_11401.png,grasper
7013_11426.png,grasper
7013_11451.png,grasper
7013_11476.png,grasper
7013_11551.png,grasper
7013_11576.png,grasper
7013_11601.png,grasper
7013_11626.png,grasper
7013_11651.png,grasper
7013_11726.png,grasper
7013_11776.png,grasper
7013_13926.png,grasper
7013_14201.png,scissor
7013_14251.png,grasper
7013_14276.png,grasper
7013_14351.png,grasper
7013_14576.png,grasper
7013_14951.png,scissor
7013_16801.png,grasper
7013_16851.png,grasper
7013_16976.png,grasper
7013_31476.png,grasper
7013_32101.png,grasper
7013_32301.png,grasper
7013_32376.png,grasper
7013_32401.png,grasper
7013_32576.png,grasper
7013_35076.png,grasper
7013_36251.png,grasper
7013_36601.png,grasper
7013_36626.png,grasper
7013_36676.png,grasper
7013_36726.png,grasper
7013_36801.png,grasper
7013_36901.png,grasper
7013_37551.png,grasper
7013_37701.png,grasper
7013_37726.png,grasper
7013_37776.png,grasper
7013_37801.png,grasper
7013_37826.png,grasper
7013_37851.png,grasper
7013_37876.png,grasper
7013_37901.png,grasper
7013_37976.png,grasper
7013_38001.png,grasper
7013_38026.png,grasper
7013_38051.png,grasper
7013_4176.png,grasper
7013_4276.png,grasper
7013_4351.png,grasper
7013_4451.png,grasper
7013_4476.png,grasper
7013_4501.png,grasper
7013_4551.png,grasper
7013_4576.png,grasper
7013_4601.png,grasper
7013_4626.png,grasper
7013_4676.png,grasper
7013_5026.png,grasper
7013_5176.png,grasper
7013_7726.png,grasper
7013_8751.png,grasper
7013_8826.png,grasper
7013_9576.png,grasper
7013_9676.png,grasper
7013_9776.png,grasper
7013_9851.png,grasper
7013_9876.png,grasper
7013_9926.png,grasper
7013_9976.png,grasper
7201_10051.png,grasper
7201_10226.png,grasper
7201_10301.png,grasper
7201_11601.png,grasper
7201_11776.png,grasper
7201_11801.png,grasper
7201_11901.png,grasper
7201_12626.png,grasper
7201_14601.png,grasper
7201_14701.png,grasper
7201_14826.png,grasper
7201_14926.png,scissor
7201_14951.png,grasper
7201_16801.png,grasper
7201_16851.png,grasper
7201_16876.png,grasper
7201_16901.png,grasper
7201_16926.png,grasper
7201_17051.png,grasper
7201_17126.png,grasper
7201_17226.png,grasper
7201_17251.png,grasper
7201_17326.png,grasper
7201_17426.png,grasper
7201_19501.png,grasper
7201_20376.png,grasper
7201_20501.png,grasper
7201_23051.png,grasper
7201_23576.png,grasper
7201_23751.png,grasper
7201_23801.png,grasper
7201_23826.png,grasper
7201_23851.png,grasper
7201_23926.png,grasper
7201_24451.png,grasper
7201_24576.png,grasper
7201_24651.png,grasper
7201_24676.png,grasper
7201_24701.png,grasper
7201_25551.png,grasper
7201_26476.png,grasper
7201_26501.png,grasper
7201_26576.png,grasper
7201_26701.png,grasper
7201_26751.png,grasper
7201_26801.png,grasper
7201_26851.png,grasper
7201_26951.png,grasper
7201_27051.png,grasper
7201_27076.png,grasper
7201_27151.png,grasper
7201_27176.png,grasper
7201_27251.png,grasper
7201_27301.png,grasper
7201_27351.png,grasper
7201_27376.png,grasper
7201_27451.png,grasper
7201_27476.png,grasper
7201_27526.png,grasper
7201_27601.png,grasper
7201_27651.png,grasper
7201_27701.png,grasper
7201_27751.png,grasper
7201_27826.png,grasper
7201_27851.png,grasper
7201_27876.png,grasper
7201_27926.png,grasper
7201_27976.png,grasper
7201_28001.png,grasper
7201_28101.png,grasper
7201_28126.png,grasper
7201_28151.png,grasper
7201_42051.png,grasper
7201_42151.png,grasper
7201_42226.png,grasper
7201_42251.png,grasper
7201_42276.png,grasper
7201_43001.png,grasper
7201_43076.png,grasper
7201_43451.png,grasper
7201_45851.png,grasper
7201_45901.png,hook
7201_46026.png,grasper
7201_46051.png,grasper
7201_49226.png,grasper
7201_49251.png,grasper
7201_49351.png,grasper
7201_51776.png,grasper
7201_51801.png,grasper
7201_51901.png,grasper
7201_51976.png,grasper
7201_58951.png,grasper
7201_61276.png,grasper
7201_61301.png,grasper
7201_61701.png,grasper
7201_61926.png,grasper
7201_61951.png,grasper
7201_62101.png,grasper
7201_62126.png,grasper
7201_62151.png,grasper
7201_62201.png,grasper
7201_62226.png,grasper
7201_62251.png,grasper
7201_62301.png,grasper
7201_62426.png,grasper
7201_62501.png,grasper
7201_62576.png,grasper
7201_62901.png,grasper
7201_64751.png,grasper
7201_64801.png,grasper
7201_64876.png,grasper
7201_64901.png,grasper
7201_8976.png,grasper
7201_9576.png,grasper
7201_9726.png,grasper
7201_9751.png,grasper
7201_9876.png,clipper
7201_9926.png,grasper
7201_9976.png,grasper
7654_12251.png,grasper
7654_1751.png,grasper
7654_1801.png,grasper
7654_1826.png,grasper
7654_1851.png,grasper
7654_1876.png,grasper
7654_56576.png,grasper
7654_676.png,grasper
7654_701.png,grasper
7654_7226.png,grasper
7654_776.png,grasper
7654_901.png,grasper
7695_10251.png,grasper
7695_10351.png,grasper
7695_11776.png,grasper
7695_12826.png,grasper
7695_12876.png,grasper
7695_12901.png,grasper
7695_13001.png,grasper
7695_13101.png,grasper
7695_14226.png,grasper
7695_15976.png,grasper
7695_16001.png,grasper
7695_16676.png,grasper
7695_17001.png,grasper
7695_17026.png,grasper
7695_17351.png,grasper
7695_17376.png,grasper
7695_17401.png,grasper
7695_17451.png,grasper
7695_17476.png,grasper
7695_17501.png,grasper
7695_17626.png,grasper
7695_17651.png,grasper
7695_17726.png,grasper
7695_17751.png,grasper
7695_17776.png,grasper
7695_18951.png,grasper
7695_19051.png,grasper
7695_19076.png,grasper
7695_19601.png,grasper
7695_20826.png,grasper
7695_20876.png,grasper
7695_22876.png,grasper
7695_22901.png,grasper
7695_22926.png,grasper
7695_23001.png,grasper
7695_23051.png,grasper
7695_23101.png,grasper
7695_23151.png,grasper
7695_23226.png,grasper
7695_23301.png,grasper
7695_23326.png,grasper
7695_23376.png,grasper
7695_23576.png,grasper
7695_23601.png,grasper
7695_23651.png,grasper
7695_23701.png,grasper
7695_23726.png,grasper
7695_23826.png,grasper
7695_23876.png,grasper
7695_23926.png,grasper
7695_23951.png,grasper
7695_23976.png,grasper
7695_24026.png,grasper
7695_4526.png,grasper
7695_5051.png,grasper
7695_5301.png,grasper
7695_5351.png,grasper
7695_5376.png,grasper
7695_5401.png,grasper
7695_6226.png,grasper
7695_6501.png,hook
7695_6551.png,grasper
7695_7626.png,grasper
7695_8901.png,grasper
7695_9076.png,grasper
7697_10026.png,grasper
7697_10176.png,grasper
7697_10201.png,grasper
7697_10226.png,grasper
7697_10251.png,grasper
7697_10276.png,grasper
7697_10351.png,grasper
7697_10651.png,grasper
7697_10676.png,grasper
7697_11276.png,grasper
7697_12201.png,grasper
7697_12351.png,grasper
7697_12376.png,grasper
7697_12401.png,grasper
7697_12426.png,grasper
7697_12576.png,grasper
7697_12626.png,grasper
7697_12901.png,grasper
7697_15176.png,grasper
7697_18876.png,grasper
7697_20126.png,grasper
7697_20276.png,hook
7697_20376.png,clipper
7697_20476.png,grasper
7697_21051.png,grasper
7697_21201.png,grasper
7697_21276.png,grasper
7697_21326.png,grasper
7697_21351.png,grasper
7697_21376.png,grasper
7697_21426.png,grasper
7697_21501.png,grasper
7697_21526.png,grasper
7697_21901.png,grasper
7697_21951.png,grasper
7697_22201.png,grasper
7697_2426.png,grasper
7697_2751.png,grasper
7697_2776.png,grasper
7697_2801.png,grasper
7697_2876.png,grasper
7697_3401.png,grasper
7697_8726.png,grasper
7697_8751.png,grasper
7697_8951.png,grasper
7697_9201.png,grasper
7697_9276.png,grasper
7697_9326.png,grasper
7697_9401.png,grasper
9152_10101.png,grasper
9152_10276.png,grasper
9152_10301.png,grasper
9152_10901.png,grasper
9152_14626.png,grasper
9152_14951.png,grasper
9152_15026.png,grasper
9152_15051.png,clipper
9152_15076.png,grasper
9152_15101.png,grasper
9152_15126.png,grasper
9152_15151.png,grasper
9152_15176.png,grasper
9152_15201.png,grasper
9152_15226.png,hook
9152_15251.png,grasper
9152_15276.png,grasper
9152_15376.png,grasper
9152_15526.png,grasper
9152_15651.png,grasper
9152_16476.png,grasper
9152_16876.png,grasper
9152_17826.png,grasper
9152_19601.png,grasper
9152_20076.png,grasper
9152_20201.png,grasper
9152_20276.png,grasper
9152_21626.png,grasper
9152_21651.png,grasper
9152_21976.png,grasper
9152_22026.png,grasper
9152_22251.png,grasper
9152_23151.png,grasper
9152_23276.png,grasper
9152_24201.png,grasper
9152_36726.png,grasper
9152_36751.png,grasper
9152_36776.png,grasper
9152_36876.png,grasper
9152_36901.png,grasper
9152_36951.png,grasper
9152_37076.png,grasper
9152_37126.png,grasper
9152_37201.png,grasper
9152_37301.png,grasper
9152_37351.png,grasper
9152_37401.png,grasper
9152_37526.png,grasper
9152_37551.png,grasper
9152_37601.png,grasper
9152_37626.png,grasper
9152_41251.png,grasper
9152_44126.png,grasper
9152_44176.png,grasper
9152_44251.png,grasper
9152_44301.png,grasper
9152_44351.png,grasper
9152_8226.png,grasper
9152_8251.png,grasper
9152_8326.png,grasper
9152_8601.png,grasper
9152_8951.png,grasper
9152_9001.png,grasper
9152_9126.png,grasper
9152_9276.png,grasper
9152_9351.png,grasper
7013_14551.png,hook
7013_14626.png,hook
7013_14851.png,hook
7013_14951.png,hook
7013_14976.png,hook
7013_15001.png,hook
7013_15251.png,hook
7013_15276.png,hook
7013_15501.png,hook
7013_15526.png,hook
7013_15551.png,hook
7013_15576.png,hook
7013_15601.png,hook
7013_15676.png,hook
7013_15751.png,hook
7013_15801.png,clipper
7013_15976.png,hook
7013_16026.png,hook
7013_16051.png,hook
7013_16101.png,hook
7013_16176.png,hook
7013_16226.png,hook
7013_16326.png,hook
7013_16351.png,hook
7013_16826.png,hook
7013_16901.png,hook
7013_22901.png,hook
7013_26676.png,hook
7013_26701.png,hook
7013_27076.png,hook
7013_27201.png,hook
7013_2801.png,hook
7013_3026.png,hook
7013_3176.png,hook
7013_32201.png,hook
7013_32226.png,hook
7013_32276.png,hook
7013_32301.png,hook
7013_32426.png,hook
7013_32551.png,hook
7013_32676.png,hook
7013_32751.png,hook
7013_32951.png,hook
7013_33051.png,hook
7013_33126.png,hook
7013_33151.png,hook
7013_33176.png,hook
7013_33201.png,hook
7013_33276.png,hook
7013_33351.png,hook
7013_33426.png,hook
7013_33526.png,hook
7013_33751.png,hook
7013_33876.png,hook
7013_33901.png,hook
7013_33951.png,hook
7013_34551.png,hook
7013_35026.png,hook
7013_35051.png,hook
7013_3926.png,hook
7013_3951.png,hook
7013_4351.png,hook
7013_5501.png,hook
7013_5576.png,hook
7013_5801.png,hook
7013_5826.png,hook
7013_5851.png,hook
7013_6176.png,hook
7013_6301.png,hook
7013_6526.png,hook
7013_6626.png,hook
7013_7201.png,hook
7201_17751.png,hook
7201_17926.png,hook
7201_17976.png,hook
7201_18026.png,hook
7201_18201.png,hook
7201_18301.png,hook
7201_18326.png,hook
7201_18351.png,hook
7201_18401.png,hook
7201_18701.png,hook
7201_18751.png,hook
7201_18901.png,hook
7201_19051.png,hook
7201_20126.png,hook
7201_20151.png,hook
7201_20351.png,hook
7201_20426.png,hook
7201_20451.png,hook
7201_20626.png,hook
7201_20976.png,hook
7201_21026.png,hook
7201_21076.png,hook
7201_21151.png,hook
7201_21226.png,hook
7201_21326.png,hook
7201_21376.png,hook
7201_21476.png,hook
7201_21576.png,hook
7201_21951.png,hook
7201_21976.png,hook
7201_22001.png,hook
7201_22026.png,hook
7201_22076.png,grasper
7201_22101.png,hook
7201_22126.png,hook
7201_22151.png,hook
7201_22176.png,hook
7201_22476.png,hook
7201_22551.png,hook
7201_22601.png,hook
7201_22626.png,hook
7201_22676.png,hook
7201_22876.png,hook
7201_22901.png,hook
7201_22926.png,hook
7201_22951.png,hook
7201_23226.png,hook
7201_23351.png,hook
7201_23401.png,hook
7201_23526.png,hook
7201_23726.png,scissor
7201_23776.png,grasper
7201_24076.png,hook
7201_24101.png,hook
7201_24126.png,hook
7201_24151.png,hook
7201_24176.png,hook
7201_24201.png,hook
7201_24501.png,hook
7201_24576.png,hook
7201_24601.png,hook
7201_24826.png,hook
7201_25101.png,hook
7201_25151.png,hook
7201_26451.png,hook
7201_26526.png,hook
7201_26626.png,hook
7201_26726.png,hook
7201_26801.png,hook
7201_26826.png,hook
7201_26926.png,hook
7201_27126.png,hook
7201_27501.png,hook
7201_27676.png,hook
7201_27726.png,hook
7201_27826.png,hook
7201_28051.png,hook
7201_28201.png,hook
7201_28451.png,hook
7201_28576.png,hook
7201_28601.png,hook
7201_29126.png,hook
7201_29326.png,hook
7201_29351.png,hook
7201_29501.png,hook
7201_29551.png,hook
7201_29651.png,hook
7201_29676.png,hook
7201_29701.png,hook
7201_30001.png,hook
7201_30051.png,hook
7201_30176.png,hook
7201_30351.png,hook
7201_30451.png,hook
7201_30501.png,hook
7201_30576.png,hook
7201_30626.png,hook
7201_30676.png,hook
7201_30726.png,hook
7201_30751.png,hook
7201_30801.png,hook
7201_30851.png,hook
7201_30901.png,hook
7201_30926.png,hook
7201_30951.png,hook
7201_31051.png,hook
7201_31176.png,hook
7201_31226.png,hook
7201_31326.png,hook
7201_31451.png,hook
7201_31526.png,hook
7201_50676.png,hook
7201_50726.png,hook
7201_50751.png,hook
7201_50776.png,hook
7201_50801.png,hook
7201_50851.png,hook
7201_50876.png,hook
7201_50901.png,hook
7201_50926.png,hook
7201_51051.png,hook
7201_51101.png,hook
7201_51251.png,hook
7201_51301.png,hook
7201_51426.png,hook
7201_51526.png,hook
7201_51626.png,hook
7201_51726.png,hook
7201_51776.png,hook
7201_51976.png,hook
7201_52201.png,hook
7201_52226.png,hook
7201_52251.png,hook
7201_52301.png,hook
7201_52326.png,hook
7201_52351.png,hook
7201_52376.png,hook
7201_52401.png,hook
7201_52576.png,hook
7201_52601.png,hook
7201_52801.png,hook
7201_52926.png,hook
7201_53076.png,hook
7201_53151.png,hook
7201_53201.png,hook
7201_53251.png,hook
7201_53301.png,hook
7201_54176.png,hook
7201_54901.png,hook
7201_55076.png,hook
7201_55151.png,hook
7201_55276.png,hook
7201_55301.png,hook
7201_55376.png,hook
7201_55551.png,hook
7201_55601.png,hook
7201_56201.png,hook
7201_56626.png,hook
7201_56726.png,hook
7201_56876.png,hook
7201_56951.png,hook
7201_57001.png,hook
7201_57026.png,hook
7201_57176.png,hook
7201_57251.png,hook
7201_58001.png,hook
7201_58276.png,hook
7201_58401.png,hook
7201_58776.png,hook
7654_12501.png,hook
7654_12551.png,hook
7654_12576.png,hook
7654_12801.png,hook
7654_12876.png,hook
7654_12951.png,hook
7654_12976.png,hook
7654_13076.png,hook
7654_13101.png,hook
7654_13151.png,hook
7654_13201.png,hook
7654_13276.png,hook
7654_13326.png,hook
7654_13401.png,hook
7654_13426.png,hook
7654_13576.png,hook
7654_13651.png,hook
7654_13676.png,hook
7654_1851.png,hook
7654_1901.png,hook
7654_2026.png,hook
7654_2551.png,hook
7654_2576.png,hook
7654_2676.png,hook
7654_3976.png,hook
7654_4251.png,hook
7654_4526.png,hook
7654_5326.png,hook
7654_5376.png,hook
7654_6126.png,hook
7654_6726.png,hook
7654_7226.png,hook
7654_7301.png,hook
7654_7426.png,hook
7654_7476.png,hook
7654_7676.png,hook
7654_8126.png,hook
7654_8151.png,hook
7654_8201.png,hook
7654_8226.png,hook
7654_8251.png,hook
7654_8351.png,hook
7654_8401.png,hook
7654_8426.png,hook
7654_8601.png,hook
7654_8676.png,hook
7654_8701.png,hook
7654_8726.png,hook
7654_8776.png,hook
7654_8801.png,hook
7654_8851.png,hook
7654_8876.png,hook
7654_8976.png,hook
7654_9001.png,hook
7654_9051.png,hook
7695_18701.png,hook
7695_6026.png,hook
7695_6051.png,clipper
7695_6101.png,hook
7695_6376.png,hook
7695_7651.png,hook
7695_8526.png,hook
7695_9051.png,hook
7695_9176.png,hook
7695_9201.png,hook
7695_9251.png,hook
7695_9551.png,hook
7697_101.png,hook
7697_11426.png,hook
7697_11451.png,hook
7697_11476.png,hook
7697_126.png,hook
7697_14526.png,hook
7697_14651.png,hook
7697_14951.png,hook
7697_15026.png,hook
7697_151.png,hook
7697_15576.png,hook
7697_15626.png,hook
7697_15751.png,hook
7697_15801.png,hook
7697_5201.png,hook
7697_5301.png,hook
7697_6626.png,clipper
7697_6926.png,hook
7697_7201.png,hook
7697_8476.png,hook
7697_8501.png,hook
7697_8651.png,hook
7697_8976.png,hook
7697_9051.png,hook
7697_9076.png,hook
9152_10026.png,hook
9152_10051.png,hook
9152_10101.png,hook
9152_10201.png,hook
9152_10326.png,hook
9152_10401.png,hook
9152_10601.png,hook
9152_10701.png,hook
9152_10926.png,hook
9152_10976.png,hook
9152_11476.png,hook
9152_11526.png,hook
9152_11576.png,grasper
9152_12301.png,hook
9152_12401.png,hook
9152_12426.png,hook
9152_12451.png,hook
9152_12851.png,grasper
9152_12926.png,hook
9152_13951.png,hook
9152_14001.png,hook
9152_14151.png,hook
9152_14351.png,hook
9152_14376.png,hook
9152_14401.png,hook
9152_14651.png,hook
9152_14726.png,hook
9152_14901.png,hook
9152_14951.png,hook
9152_15026.png,hook
9152_15151.png,hook
9152_15201.png,hook
9152_15226.png,hook
9152_15251.png,hook
9152_15276.png,hook
9152_15476.png,hook
9152_15501.png,hook
9152_15601.png,hook
9152_16151.png,hook
9152_16451.png,hook
9152_17676.png,hook
9152_33401.png,hook
9152_33526.png,hook
9152_33726.png,hook
9152_34751.png,hook
9152_35451.png,hook
9152_35601.png,hook
9152_38751.png,hook
9152_38776.png,grasper
9152_38801.png,hook
9152_39001.png,hook
9152_39151.png,hook
9152_39201.png,hook
9152_39226.png,hook
9152_39301.png,scissor
9152_39351.png,hook
9152_39376.png,hook
9152_39476.png,hook
9152_39551.png,hook
9152_39601.png,clipper
9152_39726.png,hook
9152_39801.png,hook
9152_40251.png,hook
9152_40376.png,hook
9152_40601.png,hook
9152_41376.png,hook
9152_8776.png,hook
9152_9226.png,hook
9152_9676.png,hook
9152_9926.png,hook
9152_9951.png,hook
9152_9976.png,hook
7013_22001.png,scissor
7013_22026.png,scissor
7013_22051.png,scissor
7013_22201.png,scissor
7013_22326.png,scissor
7013_22426.png,scissor
7201_10476.png,scissor
7201_10601.png,scissor
7201_38976.png,scissor
7201_39051.png,scissor
7201_39101.png,scissor
7201_39276.png,scissor
7201_39301.png,scissor
7201_39476.png,scissor
7201_39551.png,scissor
7201_39776.png,scissor
7201_39851.png,scissor
7201_39876.png,scissor
7201_40101.png,scissor
7201_40126.png,scissor
7201_40176.png,scissor
7201_40276.png,hook
7201_40326.png,scissor
7201_40351.png,scissor
7201_6726.png,scissor
7201_6751.png,scissor
7201_6776.png,scissor
7201_6826.png,scissor
7201_6851.png,scissor
7201_6926.png,scissor
7201_6951.png,scissor
7201_6976.png,grasper
7201_7001.png,scissor
7201_7126.png,scissor
7201_7376.png,scissor
7201_7451.png,scissor
7201_7576.png,scissor
7201_7651.png,scissor
7201_7701.png,scissor
7201_7976.png,scissor
7201_8001.png,scissor
7201_8076.png,scissor
7201_8101.png,scissor
7201_8326.png,scissor
7201_8376.png,scissor
7201_8501.png,hook
7201_8526.png,scissor
7201_8551.png,scissor
7201_8776.png,scissor
7201_8801.png,scissor
7201_8851.png,scissor
7201_8876.png,scissor
7201_8926.png,scissor
7201_8976.png,scissor
7201_9151.png,scissor
7201_9176.png,scissor
7201_9301.png,scissor
7201_9326.png,scissor
7201_9401.png,scissor
7301_28151.png,scissor
7414_18826.png,scissor
7414_18976.png,scissor
7414_19001.png,scissor
7414_19026.png,scissor
7414_19076.png,scissor
7414_19551.png,scissor
7414_19576.png,scissor
7654_53126.png,scissor
7654_53301.png,scissor
7654_53401.png,scissor
7654_53451.png,scissor
7654_53551.png,scissor
7654_53626.png,scissor
7654_53651.png,scissor
7654_53776.png,scissor
7654_53801.png,scissor
7654_53826.png,hook
7654_53851.png,scissor
7654_53876.png,scissor
7654_53901.png,scissor
7654_54076.png,scissor
7654_54226.png,scissor
7654_54326.png,scissor
7654_54451.png,scissor
7654_54476.png,scissor
7654_54551.png,scissor
7654_54576.png,scissor
7654_54601.png,scissor
7654_54626.png,scissor
7654_59576.png,scissor
7654_59601.png,scissor
7654_59651.png,scissor
7654_59676.png,scissor
7654_59701.png,scissor
7654_59726.png,scissor
7654_59751.png,scissor
7654_59776.png,scissor
7697_10751.png,scissor
7697_11126.png,scissor
7697_11151.png,clipper
7697_11201.png,scissor
8610_38401.png,scissor
8610_38426.png,scissor
8610_38626.png,scissor
8610_38651.png,scissor
8610_38676.png,scissor
8610_38701.png,scissor
8610_38726.png,scissor
8610_42601.png,scissor
8610_42826.png,scissor
8610_42851.png,scissor
9152_30726.png,scissor
9152_30751.png,scissor
9152_30876.png,scissor
9152_30951.png,scissor
9152_31301.png,scissor
7013_21126.png,clipper
7013_21326.png,clipper
7013_21376.png,clipper
7013_21401.png,clipper
7013_21426.png,clipper
7013_21451.png,clipper
7013_21476.png,clipper
7013_21501.png,clipper
7013_21576.png,clipper
7201_41726.png,clipper
7201_75176.png,clipper
7301_27701.png,clipper
7301_27726.png,clipper
7301_27826.png,clipper
7414_106776.png,scissor
7414_106801.png,clipper
7414_106901.png,clipper
7414_107051.png,clipper
7414_107076.png,clipper
7414_107101.png,clipper
7414_107126.png,clipper
7414_107151.png,clipper
7414_107176.png,clipper
7414_107201.png,clipper
7414_107226.png,clipper
7414_107251.png,clipper
7414_107276.png,clipper
7654_58251.png,clipper
7654_58276.png,clipper
7654_58301.png,clipper
7654_58326.png,clipper
7654_58351.png,clipper
7654_58376.png,clipper
7654_58401.png,clipper
7654_58426.png,clipper
7654_58451.png,clipper
9152_36526.png,clipper
9152_36551.png,clipper
9152_36576.png,clipper
9152_36626.png,clipper
9152_36651.png,clipper
9152_36726.png,clipper
9152_36751.png,clipper
9152_36776.png,clipper
9152_36801.png,clipper
9152_36851.png,clipper
9152_37026.png,clipper
9152_37076.png,clipper
9152_37226.png,clipper
7013_38601.png,grasper
7013_38626.png,grasper
7013_38651.png,grasper
7013_38701.png,grasper
7013_38726.png,grasper
7013_38826.png,grasper
7013_38851.png,grasper
7013_39026.png,grasper
7013_39101.png,grasper
7013_39126.png,grasper
7013_39301.png,grasper
7013_39576.png,clipper
7013_39626.png,grasper
7013_39701.png,grasper
7013_39751.png,grasper
7013_39876.png,grasper
7013_39901.png,grasper
7013_40026.png,grasper
7013_40276.png,clipper
7013_42126.png,grasper
7201_65051.png,grasper
7201_65076.png,grasper
7201_66401.png,grasper
7201_67301.png,grasper
7201_67851.png,grasper
7201_67926.png,grasper
7201_67976.png,grasper
7201_68126.png,grasper
7201_68151.png,grasper
7201_68826.png,grasper
7201_68901.png,grasper
7201_68926.png,grasper
7201_69026.png,grasper
7201_69126.png,grasper
7201_69151.png,grasper
7201_69901.png,grasper
7201_69926.png,grasper
7201_70001.png,grasper
7201_70026.png,grasper
7201_70326.png,grasper
7201_70401.png,grasper
7201_70451.png,grasper
7201_70526.png,grasper
7201_70576.png,grasper
7201_70676.png,grasper
7201_70751.png,grasper
7201_70776.png,grasper
7201_71926.png,grasper
7201_75226.png,grasper
7201_75376.png,grasper
7654_79201.png,grasper
7654_79426.png,grasper
7654_79451.png,grasper
7695_24151.png,grasper
7695_24176.png,grasper
7695_24251.png,grasper
7695_24276.png,grasper
7695_24626.png,clipper
7695_24676.png,grasper
7695_24701.png,grasper
7695_24726.png,grasper
7695_24751.png,grasper
7695_24826.png,grasper
7695_24851.png,grasper
7695_24951.png,grasper
7695_25001.png,grasper
7695_25051.png,grasper
7695_25101.png,grasper
7695_25126.png,grasper
7695_25226.png,grasper
7695_25451.png,grasper
7697_22451.png,grasper
7697_22526.png,grasper
7697_22601.png,grasper
7697_22651.png,grasper
7697_22776.png,grasper
7697_22801.png,grasper
7697_22976.png,grasper
7697_23051.png,grasper
7697_23276.png,grasper
7697_23301.png,grasper
7697_23426.png,grasper
7697_23451.png,grasper
7697_23601.png,grasper
9152_44451.png,grasper
9152_44501.png,grasper
9152_44526.png,grasper
9152_44551.png,hook
9152_44626.png,grasper
9152_44676.png,grasper
9152_44701.png,grasper
9152_44751.png,grasper
9152_44776.png,grasper
9152_44801.png,grasper
9152_45226.png,grasper
9152_45376.png,grasper
9152_45476.png,grasper
9152_46426.png,grasper
9152_46501.png,grasper
9152_48426.png,grasper
9152_48826.png,grasper
7013_35126.png,hook
7013_35151.png,grasper
7013_35226.png,hook
7013_35251.png,hook
7013_35326.png,hook
7013_35351.png,hook
7013_35376.png,hook
7013_35476.png,hook
7013_35501.png,hook
7013_35526.png,hook
7013_35551.png,hook
7013_35576.png,hook
7013_35851.png,hook
7013_35901.png,hook
7013_36001.png,hook
7013_36051.png,hook
7013_36076.png,hook
7013_36326.png,hook
7201_59601.png,hook
7201_60451.png,hook
7201_60701.png,hook
7201_60726.png,hook
7201_60751.png,hook
7201_61601.png,hook
7201_61801.png,hook
7201_61826.png,hook
7201_61876.png,hook
7201_61951.png,hook
7201_62026.png,hook
7201_62401.png,hook
7201_62526.png,hook
7201_62701.png,hook
7201_62951.png,hook
7201_63301.png,hook
7201_63526.png,hook
7201_63676.png,hook
7201_63801.png,hook
7201_64001.png,hook
7201_64076.png,hook
7201_64251.png,hook
7201_64276.png,hook
7201_64301.png,hook
7201_64351.png,hook
7201_64676.png,hook
7201_65176.png,hook
7201_65676.png,clipper
7201_65876.png,hook
7201_66851.png,hook
7201_66926.png,hook
7201_66976.png,hook
7201_67026.png,hook
7201_67776.png,hook
7201_68026.png,clipper
7201_68101.png,hook
7201_68476.png,hook
7201_68501.png,hook
7201_68701.png,hook
7201_68751.png,hook
7201_68876.png,hook
7201_68901.png,hook
7201_69126.png,hook
7654_13801.png,hook
7654_13826.png,hook
7654_13851.png,hook
7654_13926.png,hook
7654_14051.png,hook
7654_14551.png,hook
7654_14576.png,clipper
7654_14601.png,hook
7654_14676.png,hook
7654_14751.png,hook
7654_14801.png,hook
7654_14851.png,hook
7654_14926.png,hook
7654_61751.png,hook
7697_16101.png,hook
7697_16251.png,hook
7697_16451.png,hook
7697_16501.png,hook
7697_16676.png,hook
7697_19776.png,hook
9152_41426.png,hook
9152_41501.png,hook
9152_41551.png,hook
9152_41576.png,hook
9152_41601.png,hook
9152_41626.png,hook
9152_41851.png,grasper
9152_41876.png,hook
9152_42376.png,hook
9152_42476.png,hook
9152_42526.png,grasper
9152_42551.png,hook
9152_42626.png,hook
9152_42651.png,hook
9152_42751.png,hook
9152_42926.png,hook
9152_43326.png,hook
9152_43476.png,hook
9152_43526.png,hook
7201_44351.png,grasper
7201_44401.png,scissor
7201_44451.png,scissor
7201_44476.png,scissor
7201_44501.png,scissor
7201_44651.png,scissor
7201_44751.png,scissor
7201_44776.png,grasper
7201_44801.png,scissor
7201_44951.png,scissor
7201_45001.png,scissor
7201_45026.png,scissor
7201_45051.png,scissor
7201_45201.png,scissor
7414_19726.png,scissor
7414_19826.png,scissor
7414_19851.png,scissor
7654_59851.png,scissor
7654_59901.png,scissor
7654_59926.png,scissor
7654_59976.png,scissor
7654_60001.png,scissor
7654_60026.png,scissor
7654_60101.png,scissor
7654_60151.png,scissor
9152_32026.png,scissor
9152_32051.png,scissor
